id,first_name,last_name,email,gender,salario
1,Colver,Decaze,cdecaze0@last.fm,Polygender,30259.95
2,Dalis,Brendeke,dbrendeke1@mail.ru,Bigender,58588.38
3,Evy,Gittis,egittis2@topsy.com,Female,41959.58
4,Reese,Doyley,rdoyley3@state.tx.us,Genderfluid,5850.93
5,Karina,Aluard,kaluard4@who.int,Non-binary,42881.84
6,Alexis,Glawsop,aglawsop5@upenn.edu,Female,2697.56
7,Gale,Caizley,gcaizley6@tmall.com,Genderqueer,25824.55
8,Roanna,Bradbeer,rbradbeer7@state.tx.us,Genderfluid,1208.83
9,Gussie,Sepey,gsepey8@japanpost.jp,Genderfluid,52345.94
10,Benn,Burgess,bburgess9@drupal.org,Male,37215.42
11,Dagny,Hann,dhanna@1und1.de,Female,54415.25
12,Meade,Culham,mculhamb@clickbank.net,Polygender,49454.32
13,Mariska,Revelle,mrevellec@techcrunch.com,Genderqueer,11260.4
14,Irv,Bittlestone,ibittlestoned@google.co.jp,Genderqueer,21438.84
15,Lynn,Helsby,lhelsbye@theglobeandmail.com,Male,16359.75
16,Royall,Ludlom,rludlomf@bluehost.com,Bigender,13785.74
17,Roch,McShee,rmcsheeg@weibo.com,Genderqueer,46647.62
18,Cesar,Marchello,cmarchelloh@networksolutions.com,Male,8067.94
19,Giffer,Magister,gmagisteri@google.de,Polygender,51319.8
20,Shoshanna,Deards,sdeardsj@reuters.com,Non-binary,46210.92
21,Lorilyn,Emanuele,lemanuelek@skype.com,Polygender,16086.9
22,Annmarie,Wixon,awixonl@clickbank.net,Female,32520.36
23,Ruperto,Frie,rfriem@phpbb.com,Bigender,4166.04
24,Crista,Stiger,cstigern@weather.com,Agender,25176.61
25,Kimberlyn,Madigan,kmadigano@mapy.cz,Bigender,51248.53
26,Nyssa,Mailes,nmailesp@dion.ne.jp,Female,57488.51
27,Barbie,Godridge,bgodridgeq@dailymotion.com,Non-binary,5177.43
28,Rod,Deere,rdeerer@theguardian.com,Polygender,3433.78
29,Nikolaos,O'Duane,noduanes@cbc.ca,Female,29824.86
30,Adria,Brosi,abrosit@wunderground.com,Genderfluid,21465.82
31,Malva,Excell,mexcellu@live.com,Genderqueer,35616.73
32,Beauregard,Parmby,bparmbyv@moonfruit.com,Male,4283.36
33,Coralyn,Wakelam,cwakelamw@skype.com,Non-binary,42415.64
34,Bran,Scrannage,bscrannagex@ucoz.com,Genderfluid,10223.89
35,Stanislas,Schapero,sschaperoy@yellowpages.com,Bigender,55045.84
36,Marje,Parsons,mparsonsz@google.com.br,Non-binary,14952.66
37,Siegfried,Nassy,snassy10@edublogs.org,Genderqueer,27225.31
38,Kellie,Leech,kleech11@list-manage.com,Female,3991.3
39,Hynda,Jozwicki,hjozwicki12@goo.gl,Genderfluid,14945.98
40,Kaine,Sans,ksans13@printfriendly.com,Female,17594.97
41,Bastien,Wellbeloved,bwellbeloved14@miibeian.gov.cn,Polygender,55252.99
42,Ludvig,Pulham,lpulham15@gov.uk,Female,15582.69
43,Sapphira,Abrahams,sabrahams16@dyndns.org,Male,52527.52
44,Trace,Jakoubec,tjakoubec17@a8.net,Bigender,11404.11
45,Babbie,Glisane,bglisane18@diigo.com,Female,58156.83
46,Laurianne,Withur,lwithur19@mail.ru,Female,49323.21
47,Sonnnie,Ticic,sticic1a@ted.com,Non-binary,10512.22
48,Maxi,Dare,mdare1b@economist.com,Non-binary,5576.56
49,Bradney,Rickwood,brickwood1c@google.ca,Male,48191.67
50,Farlay,Boyles,fboyles1d@moonfruit.com,Male,31689.34
51,Cirstoforo,Beushaw,cbeushaw1e@intel.com,Non-binary,56775.86
52,Rey,Judgkins,rjudgkins1f@hhs.gov,Male,33392.83
53,Alberto,MacAless,amacaless1g@unblog.fr,Non-binary,57918.63
54,Daffi,Zannini,dzannini1h@a8.net,Genderqueer,14965.52
55,Aundrea,Emanuelov,aemanuelov1i@4shared.com,Non-binary,45883.96
56,Brannon,Pes,bpes1j@google.ru,Agender,59447.4
57,Riobard,Jolley,rjolley1k@noaa.gov,Non-binary,22273.3
58,Laurens,De Micoli,ldemicoli1l@msn.com,Bigender,29055.86
59,Umberto,Daily,udaily1m@fda.gov,Bigender,41165.71
60,Augustin,Aveson,aaveson1n@ca.gov,Non-binary,5231.71
61,Margette,Dumini,mdumini1o@scribd.com,Male,31142.29
62,Doralia,MacRedmond,dmacredmond1p@rediff.com,Male,33768.05
63,Katlin,Dalgardno,kdalgardno1q@nbcnews.com,Non-binary,55074.0
64,Boyd,Cordell,bcordell1r@de.vu,Genderqueer,30168.05
65,Carmon,Connikie,cconnikie1s@jigsy.com,Polygender,57226.38
66,Alica,Robatham,arobatham1t@aboutads.info,Non-binary,4194.77
67,Catarina,Jerke,cjerke1u@youtube.com,Non-binary,4562.71
68,Sullivan,Crabtree,scrabtree1v@elpais.com,Female,51358.17
69,Berkeley,Sampey,bsampey1w@ameblo.jp,Female,37341.76
70,Margot,Haxell,mhaxell1x@china.com.cn,Bigender,35482.28
71,Karlis,Parlet,kparlet1y@stanford.edu,Polygender,22471.87
72,Cristabel,Scamwell,cscamwell1z@netvibes.com,Bigender,43200.86
73,Willy,Traviss,wtraviss20@nhs.uk,Non-binary,51107.46
74,Dedie,Pettecrew,dpettecrew21@sciencedaily.com,Bigender,56230.31
75,Luke,Storrie,lstorrie22@google.co.uk,Bigender,17662.67
76,Thomasina,Ughini,tughini23@springer.com,Non-binary,52619.32
77,Rafferty,Holehouse,rholehouse24@joomla.org,Genderqueer,54323.23
78,Sylvia,Mc Coughan,smccoughan25@bbc.co.uk,Agender,1111.28
79,Fair,Murgatroyd,fmurgatroyd26@google.pl,Male,32518.4
80,Dyanne,Rotter,drotter27@paypal.com,Male,32607.1
81,Cele,Tanti,ctanti28@japanpost.jp,Bigender,36306.68
82,Wald,Heathorn,wheathorn29@1688.com,Genderfluid,30816.68
83,Keene,Greswell,kgreswell2a@omniture.com,Female,15821.82
84,Pavel,Meaking,pmeaking2b@dyndns.org,Bigender,29906.47
85,Huntlee,Kyne,hkyne2c@merriam-webster.com,Agender,18750.44
86,Bibby,Slimmon,bslimmon2d@archive.org,Polygender,58837.65
87,Agathe,Riccard,ariccard2e@gmpg.org,Non-binary,32112.81
88,Godart,Jeppe,gjeppe2f@marriott.com,Genderfluid,19187.39
89,Darrin,Celloni,dcelloni2g@homestead.com,Agender,50677.7
90,Torrance,Gowman,tgowman2h@cdbaby.com,Bigender,53061.57
91,Tommi,Windows,twindows2i@reuters.com,Male,7668.16
92,Pattie,Ankrett,pankrett2j@discovery.com,Polygender,22633.07
93,Vikki,Kitcat,vkitcat2k@mlb.com,Agender,48300.25
94,Steve,Gozzard,sgozzard2l@theglobeandmail.com,Genderfluid,58262.09
95,Scarlett,Dickens,sdickens2m@ebay.com,Genderqueer,59212.12
96,Ronnica,Ramsdale,rramsdale2n@disqus.com,Non-binary,33080.14
97,Wat,Drayton,wdrayton2o@utexas.edu,Non-binary,20069.6
98,Simon,Yerborn,syerborn2p@aboutads.info,Genderfluid,7976.59
99,Bette,Amber,bamber2q@soundcloud.com,Genderfluid,23975.38
100,Nye,Rawes,nrawes2r@photobucket.com,Polygender,10085.06
101,Ruggiero,Tother,rtother2s@vkontakte.ru,Genderfluid,49306.88
102,Lucia,Seabrooke,lseabrooke2t@dailymail.co.uk,Agender,46043.7
103,Fanya,Phlipon,fphlipon2u@g.co,Genderqueer,29666.21
104,Isis,Brenston,ibrenston2v@rakuten.co.jp,Genderfluid,23441.29
105,Rod,Brittain,rbrittain2w@washingtonpost.com,Polygender,47877.9
106,Blaine,Lorenzetti,blorenzetti2x@nba.com,Male,25409.17
107,Barclay,Scruby,bscruby2y@joomla.org,Polygender,40163.04
108,Missy,Pearcey,mpearcey2z@whitehouse.gov,Polygender,27817.36
109,Wit,Parlet,wparlet30@sohu.com,Agender,56979.46
110,Paulie,Warwicker,pwarwicker31@usa.gov,Non-binary,15464.87
111,Del,Piner,dpiner32@intel.com,Genderfluid,54765.19
112,Orelle,Lawlie,olawlie33@usgs.gov,Bigender,26213.2
113,Basia,Claricoates,bclaricoates34@intel.com,Genderfluid,56741.84
114,Jenilee,Cauldwell,jcauldwell35@pagesperso-orange.fr,Genderfluid,55233.92
115,Charin,Mountford,cmountford36@wikipedia.org,Genderqueer,12697.69
116,Bord,Cayette,bcayette37@a8.net,Male,8617.24
117,Sheree,Dossettor,sdossettor38@dagondesign.com,Male,41044.97
118,Ricky,Duerden,rduerden39@nyu.edu,Genderqueer,29553.61
119,Aurel,Rase,arase3a@ihg.com,Male,44578.75
120,Farrell,Ropcke,fropcke3b@go.com,Agender,48653.36
121,Alena,Clendening,aclendening3c@guardian.co.uk,Genderqueer,1186.87
122,Rhiamon,Aicheson,raicheson3d@disqus.com,Non-binary,38923.01
123,Harland,Viscovi,hviscovi3e@miibeian.gov.cn,Male,52643.5
124,Frayda,Cordelet,fcordelet3f@home.pl,Genderqueer,56668.73
125,Cornie,Flattman,cflattman3g@is.gd,Polygender,31075.38
126,Eloise,Ableson,eableson3h@bbc.co.uk,Female,3490.51
127,Angeline,Petrushkevich,apetrushkevich3i@nih.gov,Genderqueer,21578.23
128,Boyce,Eliassen,beliassen3j@webmd.com,Polygender,6807.29
129,Madelene,Patrickson,mpatrickson3k@bbb.org,Genderfluid,25906.8
130,Carlie,Armal,carmal3l@xrea.com,Polygender,31471.85
131,Gerladina,Huge,ghuge3m@linkedin.com,Agender,19697.49
132,Reinhold,Chamberlain,rchamberlain3n@accuweather.com,Genderfluid,46818.56
133,Beauregard,Chafney,bchafney3o@latimes.com,Female,52314.27
134,Tina,Braden,tbraden3p@yahoo.co.jp,Genderfluid,14303.49
135,Temp,Nortunen,tnortunen3q@alexa.com,Genderfluid,57168.28
136,Milly,Shitliff,mshitliff3r@linkedin.com,Bigender,55173.89
137,Cathy,Stubs,cstubs3s@meetup.com,Bigender,2921.78
138,Addie,Fortye,afortye3t@google.ca,Bigender,19391.84
139,Leonard,Titherington,ltitherington3u@apple.com,Non-binary,25790.13
140,Nessie,Cahill,ncahill3v@ucsd.edu,Female,3032.17
141,Blair,Wheelhouse,bwheelhouse3w@eventbrite.com,Male,42821.08
142,Joane,von Nassau,jvonnassau3x@google.com.br,Polygender,12755.46
143,Javier,Pitcher,jpitcher3y@wix.com,Bigender,30009.85
144,Bear,Scanterbury,bscanterbury3z@blinklist.com,Polygender,30833.06
145,Pyotr,Tanswill,ptanswill40@xinhuanet.com,Agender,13259.73
146,Kelcy,Fathers,kfathers41@imdb.com,Genderfluid,19823.51
147,Melva,Dacks,mdacks42@a8.net,Genderfluid,26812.19
148,Boyd,Isaksson,bisaksson43@theguardian.com,Genderfluid,5658.67
149,Milicent,Eagger,meagger44@nyu.edu,Agender,47188.77
150,Gracie,Vanlint,gvanlint45@businessinsider.com,Male,9640.07
151,Christen,Boggon,cboggon46@businessweek.com,Genderqueer,24868.21
152,Ardine,Cricket,acricket47@ucoz.ru,Genderqueer,32077.47
153,Johannah,Gianettini,jgianettini48@china.com.cn,Non-binary,38779.29
154,Betti,Kynman,bkynman49@nba.com,Male,38737.43
155,Lancelot,Schwier,lschwier4a@nba.com,Male,12399.32
156,Diannne,Gilkes,dgilkes4b@nature.com,Bigender,3621.39
157,Quint,Yoxall,qyoxall4c@telegraph.co.uk,Genderqueer,40565.3
158,Herc,Mattinson,hmattinson4d@imgur.com,Male,34269.67
159,Cristine,Boddymead,cboddymead4e@google.de,Agender,33925.62
160,Parrnell,Mabe,pmabe4f@blogtalkradio.com,Male,23205.66
161,Randee,Ebbs,rebbs4g@patch.com,Agender,56732.33
162,Federica,Toombes,ftoombes4h@spiegel.de,Bigender,34059.32
163,Francesco,Bonifant,fbonifant4i@purevolume.com,Female,45076.78
164,Bobbie,O'Dowgaine,bodowgaine4j@addtoany.com,Bigender,4507.65
165,Elianora,Deelay,edeelay4k@i2i.jp,Female,32176.04
166,Reggis,Brereton,rbrereton4l@answers.com,Female,26666.41
167,Linet,Menat,lmenat4m@blogtalkradio.com,Agender,5547.17
168,Russell,Fairfoul,rfairfoul4n@altervista.org,Genderfluid,44781.45
169,Leandra,MacRorie,lmacrorie4o@booking.com,Genderfluid,26881.34
170,Kare,Uttley,kuttley4p@youtube.com,Bigender,45871.73
171,Vikky,Alcott,valcott4q@cnn.com,Agender,21700.71
172,Shawn,Domican,sdomican4r@columbia.edu,Genderfluid,14840.81
173,Gussy,Gissop,ggissop4s@auda.org.au,Genderqueer,49443.02
174,Rustie,Yakov,ryakov4t@naver.com,Agender,41913.82
175,Fidole,Stobo,fstobo4u@merriam-webster.com,Agender,24666.13
176,Clare,Roakes,croakes4v@noaa.gov,Agender,41977.27
177,Lanny,Goney,lgoney4w@blinklist.com,Agender,6097.04
178,Dorolisa,Dregan,ddregan4x@ucoz.ru,Genderqueer,12198.05
179,Nike,Spreull,nspreull4y@icio.us,Agender,48404.06
180,Eilis,Drillingcourt,edrillingcourt4z@mapy.cz,Agender,57914.39
181,Ikey,Geindre,igeindre50@intel.com,Agender,49729.77
182,Roxy,Yushin,ryushin51@columbia.edu,Non-binary,45854.46
183,Arleyne,Milburn,amilburn52@prlog.org,Female,34364.25
184,Findlay,Cosley,fcosley53@weibo.com,Genderfluid,44768.18
185,Ronny,Probet,rprobet54@pen.io,Bigender,4746.87
186,Georgi,Larkcum,glarkcum55@state.tx.us,Polygender,52699.88
187,Freddie,Patriskson,fpatriskson56@slate.com,Genderfluid,37153.92
188,Christoffer,Killimister,ckillimister57@intel.com,Female,55373.81
189,Ellynn,Luther,eluther58@godaddy.com,Genderfluid,56699.17
190,Konstantine,Hiscoe,khiscoe59@shop-pro.jp,Non-binary,16419.32
191,Tadio,Wenger,twenger5a@shop-pro.jp,Agender,56341.0
192,Kory,Sinnett,ksinnett5b@soup.io,Agender,11958.44
193,Jabez,Spaule,jspaule5c@hatena.ne.jp,Agender,22576.91
194,Cullin,O'Logan,cologan5d@de.vu,Non-binary,26093.08
195,Barnabe,Kivits,bkivits5e@archive.org,Genderfluid,16916.1
196,Jules,Lambeth,jlambeth5f@microsoft.com,Genderfluid,36845.37
197,Rene,Watkin,rwatkin5g@liveinternet.ru,Female,45460.33
198,Alexei,Pinner,apinner5h@theatlantic.com,Genderfluid,29352.03
199,Panchito,Assaf,passaf5i@multiply.com,Agender,18733.88
200,Bernice,Brunger,bbrunger5j@1und1.de,Genderfluid,15050.18
201,Gabrila,Latek,glatek5k@soundcloud.com,Non-binary,12154.08
202,Chandra,Huntar,chuntar5l@google.nl,Genderfluid,17914.09
203,Toddie,Burgoyne,tburgoyne5m@biglobe.ne.jp,Non-binary,20096.61
204,Claiborne,Kiezler,ckiezler5n@sohu.com,Non-binary,59814.87
205,Bertram,Audas,baudas5o@linkedin.com,Agender,25910.88
206,Alisha,Ren,aren5p@msn.com,Bigender,17027.78
207,Blinnie,Holbury,bholbury5q@google.co.jp,Agender,10376.71
208,Sayre,Pedrocchi,spedrocchi5r@admin.ch,Female,9052.62
209,Stern,Landeaux,slandeaux5s@adobe.com,Male,55510.26
210,Evangelia,McCoughan,emccoughan5t@yandex.ru,Female,39865.8
211,Adara,Caistor,acaistor5u@nytimes.com,Agender,1867.14
212,Blanch,D'Aubney,bdaubney5v@chicagotribune.com,Non-binary,45986.04
213,Barbey,Boch,bboch5w@e-recht24.de,Male,13493.84
214,Lillian,Thomson,lthomson5x@hubpages.com,Bigender,26519.02
215,Raffarty,Ozintsev,rozintsev5y@goo.ne.jp,Bigender,1933.57
216,Jaime,Weyman,jweyman5z@last.fm,Female,42455.22
217,Bartram,Larmuth,blarmuth60@typepad.com,Non-binary,31420.9
218,Bryana,Pantone,bpantone61@berkeley.edu,Non-binary,25070.88
219,Wash,Pattesall,wpattesall62@apache.org,Genderfluid,44921.43
220,Lin,Olyff,lolyff63@ovh.net,Genderfluid,23095.85
221,North,Raitie,nraitie64@sourceforge.net,Genderfluid,57285.53
222,Deanna,Skates,dskates65@columbia.edu,Genderqueer,11969.04
223,Mic,Stranaghan,mstranaghan66@vistaprint.com,Genderqueer,53044.96
224,Emmett,Setchfield,esetchfield67@umich.edu,Bigender,7786.76
225,Abe,Gurys,agurys68@hibu.com,Genderqueer,42960.25
226,Molly,Grimsditch,mgrimsditch69@miitbeian.gov.cn,Female,59846.76
227,Cindra,Martinie,cmartinie6a@icio.us,Female,49814.21
228,Rancell,Jarret,rjarret6b@vimeo.com,Female,57090.94
229,Colet,Abramowitch,cabramowitch6c@utexas.edu,Non-binary,34942.49
230,Sibella,Croot,scroot6d@icio.us,Genderfluid,38439.91
231,Ruthy,Stitfall,rstitfall6e@ucoz.com,Bigender,27073.53
232,Oralie,Crowdy,ocrowdy6f@newyorker.com,Non-binary,46336.55
233,Brock,Oxenbury,boxenbury6g@blog.com,Female,4874.07
234,Dalston,Shepheard,dshepheard6h@google.ru,Polygender,16192.74
235,Erl,Bellinger,ebellinger6i@privacy.gov.au,Non-binary,19911.14
236,Norri,Shannon,nshannon6j@tripod.com,Polygender,44770.6
237,Grazia,Moles,gmoles6k@ameblo.jp,Female,34062.1
238,Rosamund,Truran,rtruran6l@ameblo.jp,Bigender,13560.75
239,Gretal,Nowak,gnowak6m@weibo.com,Bigender,52533.82
240,Kessiah,Clipson,kclipson6n@digg.com,Male,9256.89
241,Christophe,Banes,cbanes6o@domainmarket.com,Female,37494.39
242,Leonidas,Winship,lwinship6p@nasa.gov,Bigender,47013.95
243,Giffer,Towe,gtowe6q@europa.eu,Polygender,50117.11
244,Dyann,Airton,dairton6r@reference.com,Male,33980.91
245,Karna,Peascod,kpeascod6s@hugedomains.com,Agender,20150.51
246,Bethany,Riccetti,briccetti6t@shop-pro.jp,Agender,22717.25
247,Arliene,Bletcher,abletcher6u@aboutads.info,Male,21266.95
248,Jules,Gwyther,jgwyther6v@prnewswire.com,Non-binary,55467.54
249,Martin,Hesbrook,mhesbrook6w@sphinn.com,Genderqueer,28461.25
250,Lanni,Amos,lamos6x@google.es,Genderfluid,20849.44
251,Cammie,Shelmardine,cshelmardine6y@t-online.de,Non-binary,24868.31
252,Sybil,Siuda,ssiuda6z@stanford.edu,Genderqueer,27941.14
253,Abeu,Borris,aborris70@who.int,Genderfluid,59081.44
254,Alfons,Coady,acoady71@google.nl,Agender,53861.76
255,Claudie,Lagadu,clagadu72@epa.gov,Bigender,2509.49
256,Lambert,Annetts,lannetts73@netlog.com,Non-binary,38511.67
257,Lyndy,Dismore,ldismore74@eventbrite.com,Non-binary,43918.89
258,Sigismundo,Kennefick,skennefick75@printfriendly.com,Genderqueer,2709.01
259,Delores,Thackston,dthackston76@google.pl,Non-binary,53370.75
260,Pascal,Longlands,plonglands77@ameblo.jp,Bigender,18596.15
261,Addy,Karlik,akarlik78@boston.com,Bigender,20528.66
262,Barbara,Skamal,bskamal79@ftc.gov,Polygender,30425.19
263,Dex,Wallbutton,dwallbutton7a@techcrunch.com,Genderfluid,12332.08
264,Dulcine,Cansdill,dcansdill7b@github.io,Agender,26825.09
265,Linette,Farquhar,lfarquhar7c@weebly.com,Bigender,20239.74
266,Delora,Ianizzi,dianizzi7d@simplemachines.org,Genderfluid,27582.0
267,Goober,Dowson,gdowson7e@studiopress.com,Female,31101.96
268,Petey,Grebert,pgrebert7f@csmonitor.com,Polygender,50502.13
269,Ethan,Montgomery,emontgomery7g@xinhuanet.com,Male,36196.62
270,Forrest,Dumini,fdumini7h@hp.com,Genderqueer,55300.46
271,Othello,Feldheim,ofeldheim7i@fotki.com,Agender,21700.11
272,Bobbye,Clubb,bclubb7j@scientificamerican.com,Female,11003.32
273,Aldon,Cadwallader,acadwallader7k@howstuffworks.com,Genderqueer,54888.14
274,Veronike,Ochterlony,vochterlony7l@weebly.com,Bigender,45679.96
275,Carmelina,Deppe,cdeppe7m@blog.com,Agender,1443.67
276,Kirstyn,Milsap,kmilsap7n@fastcompany.com,Genderqueer,43348.26
277,Rickie,Renshaw,rrenshaw7o@aboutads.info,Polygender,13049.79
278,Justinian,Sawkins,jsawkins7p@printfriendly.com,Polygender,49050.85
279,Geralda,Hawthorn,ghawthorn7q@vkontakte.ru,Female,59486.65
280,Arlin,Grigorushkin,agrigorushkin7r@technorati.com,Bigender,44922.03
281,Benjy,Bardey,bbardey7s@hubpages.com,Genderqueer,36762.68
282,Drucill,Rushbrook,drushbrook7t@quantcast.com,Male,38646.53
283,Melinda,Ayshford,mayshford7u@time.com,Genderfluid,17550.68
284,Kristopher,Tomadoni,ktomadoni7v@icq.com,Non-binary,7696.99
285,Zea,Pashby,zpashby7w@gravatar.com,Non-binary,39113.54
286,Sandro,Clunan,sclunan7x@examiner.com,Polygender,10350.87
287,Akim,O'Cosgra,aocosgra7y@miitbeian.gov.cn,Male,40004.83
288,Archaimbaud,Sutcliffe,asutcliffe7z@multiply.com,Genderqueer,44994.94
289,Cordie,Dodge,cdodge80@noaa.gov,Genderqueer,51749.34
290,Retha,Tansey,rtansey81@addthis.com,Polygender,18387.02
291,Gordon,Raspel,graspel82@reuters.com,Bigender,42773.19
292,Leilah,Gowan,lgowan83@cafepress.com,Non-binary,22268.74
293,Emily,Heyns,eheyns84@slate.com,Male,36144.51
294,Deina,Penrith,dpenrith85@msu.edu,Bigender,45357.51
295,Arvin,Behnke,abehnke86@google.com.hk,Non-binary,13246.42
296,Nappie,Ferguson,nferguson87@dagondesign.com,Agender,4691.45
297,Brig,Ciani,bciani88@howstuffworks.com,Non-binary,26373.22
298,Caye,Lapthorn,clapthorn89@biglobe.ne.jp,Agender,3118.83
299,Andree,Mallock,amallock8a@paypal.com,Genderqueer,35347.79
300,Pavla,Perri,pperri8b@hhs.gov,Male,11521.67
301,Nathalie,Simonato,nsimonato8c@printfriendly.com,Non-binary,35085.28
302,Birgitta,Pollak,bpollak8d@wufoo.com,Agender,49104.25
303,Aretha,Alans,aalans8e@tripadvisor.com,Male,5982.03
304,Pippo,Suttie,psuttie8f@fema.gov,Female,42603.71
305,Walden,Braden,wbraden8g@nifty.com,Bigender,52461.09
306,Gerrilee,Burk,gburk8h@deviantart.com,Non-binary,53369.36
307,Edy,Jarratt,ejarratt8i@chicagotribune.com,Genderfluid,1732.02
308,Leoline,Jearum,ljearum8j@ft.com,Polygender,33733.63
309,Lark,Maylour,lmaylour8k@edublogs.org,Genderqueer,46213.63
310,Cheston,Pollicote,cpollicote8l@domainmarket.com,Bigender,1399.16
311,Matthaeus,Naptin,mnaptin8m@ehow.com,Non-binary,46724.78
312,Roseanna,Easum,reasum8n@newyorker.com,Genderfluid,25099.41
313,Corri,Baselli,cbaselli8o@washington.edu,Polygender,36616.94
314,Tildi,Yurocjkin,tyurocjkin8p@newsvine.com,Bigender,17771.07
315,Maitilde,Townby,mtownby8q@microsoft.com,Male,22739.97
316,Bettina,Cardon,bcardon8r@intel.com,Polygender,47523.49
317,Kevyn,Forre,kforre8s@marriott.com,Agender,23113.8
318,Maddie,Cavill,mcavill8t@ihg.com,Female,41277.41
319,Lucian,Grimbleby,lgrimbleby8u@feedburner.com,Bigender,42154.76
320,Zachary,Canepe,zcanepe8v@seesaa.net,Non-binary,17586.3
321,Johanna,Petrasek,jpetrasek8w@discuz.net,Genderfluid,33685.19
322,Sydelle,Hagland,shagland8x@wordpress.com,Genderfluid,55742.9
323,Rowan,Gronno,rgronno8y@example.com,Polygender,13791.25
324,Gorden,McCarly,gmccarly8z@about.me,Bigender,6182.43
325,Jeno,Krale,jkrale90@goodreads.com,Genderfluid,2971.93
326,Kev,Stillgoe,kstillgoe91@gizmodo.com,Bigender,9557.33
327,Willette,McCarty,wmccarty92@stanford.edu,Genderfluid,46259.81
328,Titos,Phinnis,tphinnis93@com.com,Genderqueer,54793.95
329,Oren,Foulds,ofoulds94@weibo.com,Genderqueer,43080.62
330,Imogene,Donke,idonke95@tuttocitta.it,Bigender,54090.79
331,Kelly,Hanselmann,khanselmann96@qq.com,Agender,3025.44
332,Barbaraanne,Inkpin,binkpin97@ucoz.com,Female,8167.41
333,Gabriel,Hutchinson,ghutchinson98@blogger.com,Male,30678.06
334,Martita,Liddard,mliddard99@ask.com,Female,17478.33
335,Hally,Matson,hmatson9a@aol.com,Female,53570.02
336,Lacee,Pariss,lpariss9b@desdev.cn,Female,22698.01
337,Orsola,Konrad,okonrad9c@microsoft.com,Non-binary,1749.75
338,Jerry,Nappin,jnappin9d@tiny.cc,Agender,31816.61
339,Benjie,Shelmardine,bshelmardine9e@time.com,Non-binary,46776.33
340,Tarrah,Livett,tlivett9f@wordpress.com,Non-binary,41717.8
341,Malcolm,Andresen,mandresen9g@nba.com,Polygender,46441.04
342,Jozef,Kleinsinger,jkleinsinger9h@qq.com,Genderqueer,2977.15
343,Stanfield,Knightsbridge,sknightsbridge9i@ftc.gov,Agender,30271.31
344,Josephine,Hesey,jhesey9j@nymag.com,Polygender,43868.65
345,Leonid,Havock,lhavock9k@lulu.com,Bigender,27557.09
346,Sharline,Barnhill,sbarnhill9l@wikispaces.com,Male,7055.55
347,Corby,Emanuelov,cemanuelov9m@lulu.com,Agender,5803.61
348,Liane,Rainsbury,lrainsbury9n@vimeo.com,Male,31778.69
349,Huntlee,Wooderson,hwooderson9o@joomla.org,Non-binary,27211.55
350,Kirstyn,Mityushkin,kmityushkin9p@yolasite.com,Non-binary,57625.11
351,Field,Colmer,fcolmer9q@springer.com,Polygender,46842.53
352,Lucia,Emmanuele,lemmanuele9r@nydailynews.com,Bigender,59462.99
353,Sinclare,Britch,sbritch9s@pinterest.com,Genderqueer,15266.21
354,Sianna,Jobbins,sjobbins9t@tripod.com,Bigender,44159.56
355,Elston,Levis,elevis9u@ed.gov,Bigender,45283.07
356,Nappy,Fidock,nfidock9v@qq.com,Polygender,49029.91
357,Loella,Gallo,lgallo9w@pbs.org,Polygender,55959.62
358,Amil,Aird,aaird9x@ed.gov,Genderfluid,36581.24
359,Abby,Airth,aairth9y@sciencedirect.com,Genderqueer,33257.96
360,Noella,Corish,ncorish9z@gmpg.org,Genderfluid,58773.98
361,Noll,Fysh,nfysha0@arizona.edu,Female,6666.48
362,Andrus,Dow,adowa1@reuters.com,Female,17433.82
363,Elane,Wingar,ewingara2@blogger.com,Male,22071.84
364,Daron,Maffezzoli,dmaffezzolia3@yahoo.com,Polygender,40343.66
365,Eliot,Harrell,eharrella4@dropbox.com,Non-binary,10043.72
366,Laurie,Jeandillou,ljeandilloua5@berkeley.edu,Agender,56772.52
367,Grete,Tesh,gtesha6@washingtonpost.com,Genderfluid,20683.5
368,Zedekiah,Beagin,zbeagina7@freewebs.com,Non-binary,11808.89
369,Thomasin,Puden,tpudena8@vk.com,Male,42307.96
370,Whit,Saffrin,wsaffrina9@phpbb.com,Bigender,5888.77
371,Damiano,Lawson,dlawsonaa@shareasale.com,Male,56589.61
372,Boyce,Morfield,bmorfieldab@tinyurl.com,Male,2426.56
373,Michel,Harriagn,mharriagnac@amazon.co.jp,Male,47374.99
374,Casey,Farfolomeev,cfarfolomeevad@auda.org.au,Non-binary,42113.07
375,Florida,Ladbrook,fladbrookae@ustream.tv,Polygender,38461.85
376,Vaclav,Cargon,vcargonaf@usgs.gov,Polygender,39943.0
377,Rice,Veschambes,rveschambesag@infoseek.co.jp,Male,25823.99
378,Juliet,Moxsom,jmoxsomah@shareasale.com,Bigender,21318.67
379,Nathanael,Ferrarin,nferrarinai@merriam-webster.com,Bigender,2228.55
380,Nathalia,Elderton,neldertonaj@prlog.org,Non-binary,9762.13
381,Donn,Graysmark,dgraysmarkak@earthlink.net,Genderfluid,13866.3
382,Dottie,O' Concannon,doconcannonal@nasa.gov,Non-binary,40813.35
383,Benetta,Brummell,bbrummellam@ocn.ne.jp,Bigender,24712.51
384,Adrea,Rosewell,arosewellan@ox.ac.uk,Genderfluid,29354.68
385,Virge,Presshaugh,vpresshaughao@unc.edu,Genderqueer,49821.32
386,Louise,Missen,lmissenap@senate.gov,Non-binary,3638.22
387,Laughton,Caltun,lcaltunaq@upenn.edu,Male,17036.85
388,Loria,Water,lwaterar@independent.co.uk,Genderfluid,7973.05
389,Perle,Purcer,ppurceras@ox.ac.uk,Polygender,7410.63
390,Claudius,Dering,cderingat@yellowbook.com,Agender,44675.66
391,Miner,Paggitt,mpaggittau@ed.gov,Polygender,32092.39
392,Kelbee,Matt,kmattav@ehow.com,Male,44462.19
393,Phil,Ambrosch,pambroschaw@twitpic.com,Genderqueer,20937.76
394,Ranice,Roddick,rroddickax@phpbb.com,Genderfluid,37490.89
395,Fredrika,Klimontovich,fklimontovichay@bigcartel.com,Polygender,8418.62
396,Aldo,Canadine,acanadineaz@wp.com,Polygender,44386.12
397,Turner,Edwardson,tedwardsonb0@bigcartel.com,Bigender,59660.71
398,Anthe,Drysdell,adrysdellb1@a8.net,Genderqueer,21255.75
399,Stafford,Binder,sbinderb2@youtube.com,Non-binary,18423.94
400,Osmund,Toulson,otoulsonb3@yandex.ru,Male,12606.24
401,Kris,Kisar,kkisarb4@un.org,Genderfluid,28409.46
402,Alane,Vigus,avigusb5@sphinn.com,Non-binary,5545.31
403,Coretta,Housden,chousdenb6@over-blog.com,Male,27511.8
404,Kelsey,MacParlan,kmacparlanb7@elegantthemes.com,Male,39202.56
405,Stearn,Hucks,shucksb8@dedecms.com,Genderqueer,30587.25
406,Cynthy,Irnys,cirnysb9@people.com.cn,Polygender,18210.07
407,Karlis,Pohling,kpohlingba@ehow.com,Genderfluid,20892.42
408,Dasie,Vasyunin,dvasyuninbb@google.de,Female,4094.25
409,Jenifer,Pickin,jpickinbc@wired.com,Genderfluid,9136.73
410,Althea,Stuckow,astuckowbd@privacy.gov.au,Genderfluid,34293.82
411,Daniel,Maudson,dmaudsonbe@cyberchimps.com,Non-binary,33126.35
412,Forest,Corrigan,fcorriganbf@psu.edu,Agender,31876.57
413,Deena,Hearl,dhearlbg@imageshack.us,Bigender,42586.55
414,Gisele,Pratty,gprattybh@discovery.com,Polygender,5392.79
415,Ashly,Charnley,acharnleybi@goo.ne.jp,Male,9572.91
416,Avictor,Stapford,astapfordbj@whitehouse.gov,Polygender,59154.68
417,Dieter,Poli,dpolibk@google.fr,Genderfluid,3610.44
418,Miran,Knowlys,mknowlysbl@bigcartel.com,Non-binary,33889.45
419,Munroe,Gierok,mgierokbm@gravatar.com,Polygender,22711.27
420,Nelie,Vautrey,nvautreybn@ocn.ne.jp,Polygender,3453.82
421,Benny,Anten,bantenbo@twitpic.com,Polygender,52719.15
422,Burnard,Caddies,bcaddiesbp@dmoz.org,Male,39220.75
423,Adena,Poulsum,apoulsumbq@foxnews.com,Bigender,51692.32
424,Hinze,Rhubottom,hrhubottombr@ovh.net,Male,50513.06
425,Monte,Le Grys,mlegrysbs@multiply.com,Genderfluid,15859.1
426,Chloe,Shapera,cshaperabt@home.pl,Polygender,44697.84
427,Melesa,Levesley,mlevesleybu@hexun.com,Genderfluid,56961.24
428,Terencio,Elleray,telleraybv@scientificamerican.com,Agender,57734.66
429,Michaela,Elsey,melseybw@geocities.jp,Bigender,40615.08
430,Nanine,Pretor,npretorbx@china.com.cn,Non-binary,31230.54
431,Carmelia,Beamiss,cbeamissby@harvard.edu,Female,55441.54
432,Laural,Vanyutin,lvanyutinbz@nyu.edu,Genderfluid,49530.67
433,Cristian,Drohun,cdrohunc0@mail.ru,Bigender,11390.62
434,Wadsworth,Cultcheth,wcultchethc1@xinhuanet.com,Genderqueer,47612.32
435,Nathanial,Ambrois,nambroisc2@geocities.com,Agender,46003.49
436,Tarah,Fortun,tfortunc3@addtoany.com,Polygender,23938.33
437,Jaime,Penddreth,jpenddrethc4@sphinn.com,Genderqueer,16902.56
438,Averil,Durnall,adurnallc5@goodreads.com,Polygender,36280.57
439,Doti,Mauser,dmauserc6@howstuffworks.com,Non-binary,46984.81
440,Jarid,Ellery,jelleryc7@spiegel.de,Polygender,54840.81
441,Elden,Duddell,eduddellc8@furl.net,Genderfluid,27892.65
442,Miguelita,Braitling,mbraitlingc9@google.com.hk,Agender,6607.03
443,Reynold,Girhard,rgirhardca@jalbum.net,Genderfluid,26922.2
444,Gustav,Wiffill,gwiffillcb@prnewswire.com,Bigender,1298.92
445,Juline,Valentino,jvalentinocc@ocn.ne.jp,Polygender,55100.24
446,Mariquilla,Kearley,mkearleycd@state.gov,Polygender,26318.14
447,Mersey,Croson,mcrosonce@alexa.com,Genderqueer,8014.8
448,Madelena,Moseley,mmoseleycf@cbslocal.com,Polygender,29770.07
449,Dyann,Fulkes,dfulkescg@ebay.com,Polygender,38037.79
450,Tome,Bonsey,tbonseych@cloudflare.com,Agender,38607.22
451,Maximo,Hurtic,mhurticci@qq.com,Bigender,47781.45
452,Una,Ayling,uaylingcj@prweb.com,Female,57342.04
453,Gratiana,Birkmyre,gbirkmyreck@miitbeian.gov.cn,Genderfluid,22463.69
454,Cassy,Stickney,cstickneycl@so-net.ne.jp,Male,33423.56
455,Tamarra,Gorrissen,tgorrissencm@bing.com,Agender,55154.97
456,Kelbee,Buxam,kbuxamcn@printfriendly.com,Non-binary,41480.75
457,Rice,Ninnotti,rninnottico@shinystat.com,Non-binary,35602.19
458,Cordy,Gerretsen,cgerretsencp@google.com.au,Bigender,18476.62
459,Benedikta,Beeching,bbeechingcq@arizona.edu,Female,58067.06
460,Colette,Herreran,cherrerancr@mysql.com,Non-binary,8928.3
461,Teddie,Jessard,tjessardcs@infoseek.co.jp,Male,19826.4
462,Christina,Jobey,cjobeyct@taobao.com,Polygender,34228.25
463,Mariska,Nottram,mnottramcu@godaddy.com,Genderqueer,6911.61
464,Sheela,Glasson,sglassoncv@homestead.com,Genderqueer,33585.51
465,Sheelagh,Vayne,svaynecw@tripadvisor.com,Non-binary,22717.29
466,Danie,Piborn,dpiborncx@creativecommons.org,Non-binary,18861.41
467,Elnore,Colvie,ecolviecy@auda.org.au,Female,11500.5
468,Isaak,Naptin,inaptincz@archive.org,Genderqueer,58602.07
469,Alleen,Lannin,alannind0@uol.com.br,Polygender,31719.83
470,Latia,Moxson,lmoxsond1@senate.gov,Polygender,16955.87
471,Kamilah,Moorfield,kmoorfieldd2@friendfeed.com,Female,38030.11
472,Celisse,Jeaneau,cjeaneaud3@sitemeter.com,Polygender,58799.76
473,Jerald,Hearst,jhearstd4@tuttocitta.it,Non-binary,18842.39
474,Jolyn,Melloy,jmelloyd5@wufoo.com,Genderfluid,50532.07
475,Germana,Morrant,gmorrantd6@mozilla.com,Genderqueer,51722.29
476,Sibyl,Franschini,sfranschinid7@arstechnica.com,Polygender,50234.01
477,Aldis,Yerrell,ayerrelld8@theguardian.com,Female,41760.45
478,Pryce,Tout,ptoutd9@imgur.com,Polygender,6368.06
479,Korrie,Sieghart,ksieghartda@weebly.com,Polygender,30236.72
480,Jareb,Zoanetti,jzoanettidb@huffingtonpost.com,Genderfluid,42879.7
481,Eirena,Ciepluch,eciepluchdc@hatena.ne.jp,Male,42008.5
482,Pearl,Hirtzmann,phirtzmanndd@usda.gov,Genderfluid,42710.35
483,Amitie,Gawkroge,agawkrogede@jugem.jp,Female,31998.35
484,Moss,Hazeldene,mhazeldenedf@goodreads.com,Genderqueer,17065.86
485,Sisely,Lillo,slillodg@jalbum.net,Genderqueer,39014.67
486,Mommy,Coggin,mcoggindh@si.edu,Polygender,2163.12
487,Cristi,Studeart,cstudeartdi@mysql.com,Polygender,10461.15
488,Veriee,Emig,vemigdj@macromedia.com,Genderqueer,26542.29
489,Kellyann,Awdry,kawdrydk@meetup.com,Non-binary,42050.95
490,Jorge,Madrell,jmadrelldl@devhub.com,Male,25064.48
491,Paolo,Bantick,pbantickdm@washingtonpost.com,Male,29495.99
492,Doralia,Stang-Gjertsen,dstanggjertsendn@amazon.de,Genderfluid,31913.09
493,Juliet,Lillicrap,jlillicrapdo@hugedomains.com,Male,34942.73
494,Jaye,Matskevich,jmatskevichdp@dropbox.com,Non-binary,44432.79
495,Antonetta,Sketch,asketchdq@weather.com,Genderfluid,47343.93
496,Dru,Childerhouse,dchilderhousedr@apple.com,Male,16355.65
497,Darby,Balf,dbalfds@qq.com,Non-binary,37124.89
498,Rosita,Zealey,rzealeydt@bigcartel.com,Female,29018.69
499,Ashbey,Nerheny,anerhenydu@hao123.com,Bigender,57471.64
500,Annemarie,Meeks,ameeksdv@usda.gov,Female,16085.68
501,Aluino,Mansbridge,amansbridgedw@walmart.com,Non-binary,45724.51
502,Viv,Skirving,vskirvingdx@ca.gov,Male,37601.3
503,Andee,Cade,acadedy@gov.uk,Non-binary,55939.83
504,Dill,Camings,dcamingsdz@desdev.cn,Bigender,22194.32
505,Kacie,Lownes,klownese0@latimes.com,Male,51160.52
506,Tracie,Lightbourne,tlightbournee1@rambler.ru,Bigender,27718.8
507,Maggee,Boriston,mboristone2@dell.com,Bigender,43871.31
508,Kori,Humber,khumbere3@friendfeed.com,Female,14659.16
509,Brina,Gimbrett,bgimbrette4@sfgate.com,Bigender,9980.02
510,Crosby,Kirwan,ckirwane5@hud.gov,Bigender,38715.36
511,Ethelyn,Garaway,egarawaye6@google.it,Agender,36335.39
512,Lacee,Ladd,lladde7@ucla.edu,Genderfluid,43294.14
513,Scotti,Hames,shamese8@arizona.edu,Agender,46368.7
514,Alida,Davall,adavalle9@edublogs.org,Agender,3591.78
515,Weston,Innis,winnisea@cbsnews.com,Male,57893.16
516,Cati,Cumes,ccumeseb@photobucket.com,Male,40985.76
517,Rodger,Hamp,rhampec@reddit.com,Bigender,59815.87
518,Dukie,Farrens,dfarrensed@vk.com,Bigender,11851.66
519,Eveleen,Rimour,erimouree@delicious.com,Polygender,4523.37
520,Pennie,Tieman,ptiemanef@wikipedia.org,Polygender,54723.92
521,Klarika,Kasman,kkasmaneg@tuttocitta.it,Polygender,23013.48
522,Lemar,Yarr,lyarreh@netlog.com,Polygender,35190.38
523,Hamilton,Gale,hgaleei@issuu.com,Bigender,11188.26
524,Osborne,Escalante,oescalanteej@technorati.com,Genderqueer,33590.66
525,Gill,Boltwood,gboltwoodek@home.pl,Male,16273.42
526,Ulrich,Llorens,ullorensel@jalbum.net,Agender,12739.85
527,Faydra,Duddy,fduddyem@nih.gov,Male,35687.46
528,Sheena,Camoletto,scamolettoen@studiopress.com,Bigender,37625.35
529,Lorain,Starsmore,lstarsmoreeo@github.io,Non-binary,49472.0
530,Matthias,Corke,mcorkeep@posterous.com,Non-binary,53132.64
531,Karia,Llewellin,kllewellineq@unicef.org,Genderfluid,28219.74
532,Briant,Shalcras,bshalcraser@indiatimes.com,Male,40264.02
533,Egbert,Wisedale,ewisedalees@php.net,Non-binary,8182.16
534,Emmott,Roizin,eroizinet@house.gov,Bigender,47648.58
535,Laurie,Scanderet,lscandereteu@mtv.com,Male,16896.15
536,Flo,Grange,fgrangeev@phpbb.com,Genderqueer,12482.66
537,Horst,Callander,hcallanderew@cocolog-nifty.com,Bigender,31905.05
538,Jefferey,Oxlee,joxleeex@homestead.com,Genderfluid,13843.16
539,Marketa,Pedrocchi,mpedrocchiey@themeforest.net,Male,47177.59
540,Alana,Verheijden,averheijdenez@printfriendly.com,Genderfluid,16395.12
541,Esta,Ready,ereadyf0@squidoo.com,Genderqueer,13931.12
542,Vinni,Sissons,vsissonsf1@upenn.edu,Non-binary,39835.7
543,Goldarina,Karlolak,gkarlolakf2@google.de,Bigender,28870.79
544,Felizio,Millan,fmillanf3@wufoo.com,Male,41251.15
545,Mair,Esel,meself4@paginegialle.it,Bigender,47988.11
546,Lianna,Symcox,lsymcoxf5@themeforest.net,Polygender,8425.35
547,Dulcea,Probbings,dprobbingsf6@dropbox.com,Genderfluid,30678.98
548,Dolf,Stallen,dstallenf7@cdbaby.com,Male,19790.83
549,Olivero,Synan,osynanf8@state.gov,Agender,59916.79
550,Cooper,McCallam,cmccallamf9@studiopress.com,Bigender,6744.23
551,Flemming,Lampett,flampettfa@reddit.com,Female,27628.75
552,Maye,Moulden,mmouldenfb@is.gd,Female,21834.16
553,Wilhelm,Dufour,wdufourfc@shinystat.com,Non-binary,3149.76
554,Nathalia,Gorges,ngorgesfd@dedecms.com,Polygender,13840.55
555,Glendon,Asher,gasherfe@dedecms.com,Bigender,30626.54
556,Carlynne,Ferres,cferresff@dion.ne.jp,Genderfluid,15770.76
557,Vivian,Lias,vliasfg@furl.net,Female,28340.33
558,Pammi,Gethouse,pgethousefh@ustream.tv,Bigender,42457.34
559,Twyla,Marden,tmardenfi@taobao.com,Genderqueer,22102.87
560,Jakob,Keets,jkeetsfj@archive.org,Female,9126.16
561,Glad,Taffley,gtaffleyfk@desdev.cn,Female,9358.08
562,Kaleb,Clorley,kclorleyfl@timesonline.co.uk,Bigender,51094.04
563,Alford,Baruch,abaruchfm@slashdot.org,Agender,21981.99
564,Eugene,Tight,etightfn@domainmarket.com,Genderfluid,51632.23
565,Darcie,Voyce,dvoycefo@sakura.ne.jp,Non-binary,6993.87
566,Leia,Fullager,lfullagerfp@forbes.com,Bigender,13604.64
567,Rasla,Genge,rgengefq@engadget.com,Male,47143.4
568,Abdel,Stockill,astockillfr@constantcontact.com,Non-binary,13188.92
569,Land,Corley,lcorleyfs@meetup.com,Genderfluid,28554.97
570,Alvie,Pfeffel,apfeffelft@who.int,Agender,35602.1
571,Jada,Chaise,jchaisefu@linkedin.com,Bigender,50436.06
572,Conway,Keegan,ckeeganfv@nba.com,Genderfluid,51812.69
573,Harri,Durnill,hdurnillfw@earthlink.net,Polygender,13182.18
574,Coralie,Stallen,cstallenfx@samsung.com,Agender,30176.02
575,Ginny,Priddis,gpriddisfy@parallels.com,Male,10640.81
576,Juliette,Fossitt,jfossittfz@usatoday.com,Male,17900.52
577,Warren,Bouzek,wbouzekg0@over-blog.com,Bigender,52091.9
578,Darin,Pauleit,dpauleitg1@nsw.gov.au,Agender,39576.62
579,Burk,Wingate,bwingateg2@github.com,Female,44823.46
580,Davidson,Blance,dblanceg3@cyberchimps.com,Polygender,17761.74
581,Zonda,Kelberer,zkelbererg4@vinaora.com,Male,48219.17
582,Theresita,Gladdish,tgladdishg5@usa.gov,Genderfluid,21880.56
583,Carolus,Rushbrooke,crushbrookeg6@diigo.com,Polygender,11409.51
584,Otes,Barczynski,obarczynskig7@cornell.edu,Genderfluid,4080.67
585,Wynnie,Hanaby,whanabyg8@tripod.com,Genderfluid,41340.04
586,Sydelle,Oran,sorang9@bandcamp.com,Genderfluid,10588.39
587,Anjela,Boncore,aboncorega@shareasale.com,Non-binary,6589.06
588,Natal,Klemz,nklemzgb@dropbox.com,Male,56626.19
589,Gwendolen,Laurentino,glaurentinogc@utexas.edu,Genderqueer,24106.03
590,Zollie,Lovart,zlovartgd@linkedin.com,Female,31273.38
591,Barret,Ounsworth,bounsworthge@washington.edu,Non-binary,14902.67
592,Bili,Iglesias,biglesiasgf@addthis.com,Male,20197.96
593,Kalina,Wombwell,kwombwellgg@sfgate.com,Polygender,23837.78
594,Maryjo,Stirley,mstirleygh@hud.gov,Male,28782.33
595,Jeth,Maskell,jmaskellgi@dagondesign.com,Genderfluid,43824.44
596,Jenelle,Grolmann,jgrolmanngj@auda.org.au,Genderqueer,27183.63
597,Danila,Edsall,dedsallgk@oracle.com,Genderfluid,43089.81
598,Emmaline,Nudds,enuddsgl@un.org,Female,49980.7
599,Ernesto,Shilleto,eshilletogm@jugem.jp,Genderfluid,2841.73
600,Aubree,O'Beirne,aobeirnegn@de.vu,Genderqueer,12500.7
601,Temp,Garmans,tgarmansgo@state.gov,Non-binary,20640.38
602,Mirabelle,Klyner,mklynergp@nsw.gov.au,Agender,6688.6
603,Jed,Gibbe,jgibbegq@rambler.ru,Genderqueer,23167.79
604,Justinn,Gould,jgouldgr@tripadvisor.com,Agender,10934.65
605,Constanta,Gladhill,cgladhillgs@apple.com,Male,55310.37
606,Rodie,Davidman,rdavidmangt@archive.org,Genderqueer,33424.18
607,Norene,Matantsev,nmatantsevgu@smh.com.au,Bigender,10474.52
608,Lev,Vannuccinii,lvannucciniigv@eepurl.com,Genderfluid,55183.9
609,Laurie,Strainge,lstraingegw@sakura.ne.jp,Genderfluid,13494.66
610,Yvon,O'Tierney,yotierneygx@statcounter.com,Bigender,34420.07
611,Hamlen,D'Agostino,hdagostinogy@tinypic.com,Genderfluid,42061.95
612,Rorke,McGregor,rmcgregorgz@oracle.com,Genderfluid,21759.78
613,Micki,De Cruce,mdecruceh0@bluehost.com,Agender,43760.95
614,Hyman,Sulman,hsulmanh1@sitemeter.com,Male,40260.67
615,Madelene,Semble,msembleh2@jiathis.com,Non-binary,35964.93
616,Rakel,Mithan,rmithanh3@epa.gov,Non-binary,58114.06
617,Juan,Verzey,jverzeyh4@pagesperso-orange.fr,Genderfluid,50195.91
618,Yehudit,De Benedetti,ydebenedettih5@unicef.org,Polygender,36136.18
619,Leonidas,Sivyour,lsivyourh6@pinterest.com,Genderqueer,1481.19
620,Gabriel,Shrubshall,gshrubshallh7@sourceforge.net,Female,7833.79
621,Vinson,Lattka,vlattkah8@accuweather.com,Non-binary,12273.65
622,Alayne,Aulton,aaultonh9@pcworld.com,Polygender,35075.34
623,Nil,Cunradi,ncunradiha@ebay.co.uk,Genderqueer,18382.02
624,Whitby,Boreham,wborehamhb@addthis.com,Non-binary,10858.14
625,Leisha,De Filippo,ldefilippohc@miibeian.gov.cn,Female,13313.06
626,Cristian,Boffey,cboffeyhd@google.fr,Genderqueer,48056.88
627,Dinnie,Rosenhaus,drosenhaushe@bizjournals.com,Genderqueer,47194.2
628,Alberik,Scamerdine,ascamerdinehf@wired.com,Polygender,22449.48
629,Al,Playdon,aplaydonhg@gravatar.com,Genderqueer,24336.7
630,Hillary,Laurie,hlauriehh@reuters.com,Genderqueer,32135.16
631,Elaina,Dumsday,edumsdayhi@homestead.com,Non-binary,54831.68
632,Kai,Tarpey,ktarpeyhj@barnesandnoble.com,Genderfluid,22792.11
633,Joleen,Oppie,joppiehk@google.it,Bigender,23339.25
634,Armin,Faudrie,afaudriehl@statcounter.com,Genderfluid,26520.79
635,Shannen,Ruggen,sruggenhm@fema.gov,Male,46555.82
636,Odetta,Morl,omorlhn@boston.com,Agender,6461.44
637,Joannes,Noon,jnoonho@blinklist.com,Polygender,29676.24
638,Chris,Curthoys,ccurthoyshp@thetimes.co.uk,Non-binary,7367.75
639,Billy,Rogier,brogierhq@sbwire.com,Male,49611.32
640,Brenn,Oehm,boehmhr@dyndns.org,Polygender,6517.41
641,Stacey,Versey,sverseyhs@posterous.com,Bigender,46415.66
642,Fields,Burdett,fburdettht@china.com.cn,Female,33084.14
643,Gerhard,Arnot,garnothu@mail.ru,Female,53096.13
644,Zorana,Tissier,ztissierhv@furl.net,Polygender,54722.6
645,Jayne,Spieck,jspieckhw@ezinearticles.com,Male,43949.3
646,Charline,Terbrugge,cterbruggehx@addtoany.com,Polygender,6660.99
647,Hercules,Fickling,hficklinghy@unesco.org,Genderqueer,9220.47
648,Brice,Fidian,bfidianhz@jugem.jp,Bigender,8444.08
649,Cecile,Petticrow,cpetticrowi0@simplemachines.org,Genderqueer,15735.36
650,Carolyn,Oxnam,coxnami1@theglobeandmail.com,Bigender,22235.05
651,Lesly,Warboys,lwarboysi2@bigcartel.com,Male,39762.83
652,Berk,Shearmer,bshearmeri3@sourceforge.net,Polygender,3459.99
653,Melinda,Janeczek,mjaneczeki4@cafepress.com,Female,32705.82
654,Aprilette,Leask,aleaski5@e-recht24.de,Female,1621.88
655,Dimitri,Getten,dgetteni6@marriott.com,Genderfluid,42802.11
656,Eveleen,Tombling,etomblingi7@reverbnation.com,Polygender,48945.35
657,Eleanor,Dyshart,edysharti8@slideshare.net,Female,40664.28
658,Charissa,Blankett,cblanketti9@disqus.com,Genderqueer,45703.35
659,Dukie,Stanton,dstantonia@mtv.com,Non-binary,56837.6
660,Randee,Copin,rcopinib@hud.gov,Agender,45434.46
661,Malinde,Farrah,mfarrahic@ucsd.edu,Bigender,25043.44
662,Lind,Keemer,lkeemerid@msn.com,Non-binary,42071.68
663,Rosalie,Cana,rcanaie@usnews.com,Male,51609.56
664,Donielle,Thieme,dthiemeif@4shared.com,Bigender,4071.64
665,Hakeem,Slisby,hslisbyig@pbs.org,Agender,13534.08
666,Valentia,Kollaschek,vkollaschekih@hubpages.com,Genderfluid,53943.83
667,Pippy,Gwillim,pgwillimii@ameblo.jp,Agender,43086.71
668,Sayre,Bettison,sbettisonij@a8.net,Female,21038.71
669,Juliana,Grosvener,jgrosvenerik@odnoklassniki.ru,Genderfluid,7696.75
670,Weider,MacCarlich,wmaccarlichil@ucsd.edu,Agender,16136.87
671,Verna,Mooreed,vmooreedim@goodreads.com,Bigender,2880.89
672,Elsey,Madle,emadlein@hugedomains.com,Polygender,14324.03
673,Paloma,Pochin,ppochinio@cafepress.com,Male,33229.87
674,Marna,Strutton,mstruttonip@nytimes.com,Female,33294.76
675,Jacqui,Pinhorn,jpinhorniq@bloglovin.com,Female,59755.93
676,Tiffy,Berni,tberniir@admin.ch,Polygender,44646.3
677,Glenden,Faber,gfaberis@icio.us,Female,41207.18
678,Dela,Bedrosian,dbedrosianit@senate.gov,Polygender,45117.74
679,Raye,Giovannini,rgiovanniniiu@pcworld.com,Male,51897.46
680,Tiebout,Hamshaw,thamshawiv@weather.com,Bigender,34449.79
681,Blanca,Breydin,bbreydiniw@craigslist.org,Genderfluid,49608.79
682,Sargent,Moyne,smoyneix@berkeley.edu,Agender,33967.02
683,Patten,Thomkins,pthomkinsiy@opensource.org,Non-binary,7110.32
684,Cristabel,Hoyte,choyteiz@ox.ac.uk,Genderqueer,35449.41
685,Jeth,Chasmor,jchasmorj0@reuters.com,Genderqueer,43768.75
686,Dee,Lavalde,dlavaldej1@zdnet.com,Agender,52418.63
687,Niels,Scone,nsconej2@yellowbook.com,Genderqueer,36108.77
688,Danny,McGrowther,dmcgrowtherj3@youtu.be,Bigender,12618.52
689,Ramsey,Dy,rdyj4@bbc.co.uk,Genderfluid,4950.39
690,Vincents,Lintall,vlintallj5@netscape.com,Genderfluid,28293.25
691,Poul,Vasnev,pvasnevj6@php.net,Bigender,55731.97
692,Ennis,Gillingwater,egillingwaterj7@de.vu,Non-binary,48671.75
693,Nicky,Guerrier,nguerrierj8@ask.com,Genderfluid,27542.37
694,Lexine,Hinsche,lhinschej9@purevolume.com,Genderfluid,47778.65
695,Temp,McGloughlin,tmcgloughlinja@google.fr,Polygender,6568.28
696,Barbette,Coker,bcokerjb@amazon.com,Agender,29726.73
697,Carlin,Charman,ccharmanjc@barnesandnoble.com,Genderfluid,8339.57
698,Nichole,MacNeish,nmacneishjd@hatena.ne.jp,Genderqueer,30879.29
699,Ronald,Lohden,rlohdenje@blogs.com,Polygender,29739.82
700,Stewart,Pettingall,spettingalljf@unesco.org,Bigender,37151.54
701,Sylas,Willowby,swillowbyjg@ucsd.edu,Bigender,48829.86
702,Pebrook,Wainer,pwainerjh@engadget.com,Bigender,11193.16
703,Reider,Ingarfield,ringarfieldji@desdev.cn,Female,48359.12
704,Elbert,Ivanchov,eivanchovjj@netvibes.com,Agender,10996.78
705,Ikey,Loud,iloudjk@angelfire.com,Genderfluid,50256.36
706,Fanya,Colbertson,fcolbertsonjl@marriott.com,Female,2228.11
707,Mead,Prawle,mprawlejm@who.int,Male,16311.69
708,Courtney,Girke,cgirkejn@cargocollective.com,Bigender,4329.47
709,Sallie,Arrowsmith,sarrowsmithjo@msn.com,Genderqueer,45993.78
710,Cosmo,Peddie,cpeddiejp@yahoo.com,Non-binary,44965.25
711,Blaire,Ferrieroi,bferrieroijq@blogtalkradio.com,Agender,10000.43
712,Maxy,Canny,mcannyjr@tripod.com,Polygender,18837.0
713,Ilario,McAlpin,imcalpinjs@toplist.cz,Genderqueer,10732.09
714,Danyette,Willmont,dwillmontjt@meetup.com,Non-binary,35743.35
715,Georas,McFarlane,gmcfarlaneju@multiply.com,Non-binary,2894.61
716,Joshia,Folonin,jfoloninjv@odnoklassniki.ru,Bigender,32768.26
717,Bil,Kynnd,bkynndjw@hubpages.com,Female,12834.1
718,Horatia,Acott,hacottjx@storify.com,Agender,31875.68
719,Ciel,Chaytor,cchaytorjy@uiuc.edu,Female,16210.69
720,Price,Horbart,phorbartjz@yelp.com,Genderqueer,21445.91
721,Gianina,Overil,goverilk0@w3.org,Non-binary,10087.6
722,Abe,Colqueran,acolquerank1@cnn.com,Male,6296.98
723,Carree,Langdale,clangdalek2@networksolutions.com,Polygender,11938.06
724,Kessia,Gringley,kgringleyk3@amazon.co.jp,Male,58876.84
725,Delainey,Phillps,dphillpsk4@huffingtonpost.com,Male,42639.3
726,Sylas,Andrei,sandreik5@behance.net,Female,2303.99
727,Barbra,Oliveira,boliveirak6@japanpost.jp,Male,19681.2
728,Duff,Bartolacci,dbartolaccik7@dot.gov,Genderqueer,42174.75
729,Lori,Kemble,lkemblek8@clickbank.net,Agender,43459.78
730,Petronia,Tune,ptunek9@ovh.net,Non-binary,30905.34
731,Abran,Giddy,agiddyka@technorati.com,Male,13897.07
732,Virgie,Kliemke,vkliemkekb@accuweather.com,Polygender,6567.65
733,Kristyn,Glanz,kglanzkc@home.pl,Male,41357.23
734,Wilma,Garlett,wgarlettkd@tuttocitta.it,Female,43905.52
735,Armstrong,Robertsen,arobertsenke@skype.com,Bigender,34170.8
736,Tallou,Warlaw,twarlawkf@engadget.com,Polygender,58916.53
737,Vernen,Carlisi,vcarlisikg@blogspot.com,Genderfluid,6470.48
738,Marigold,Sanday,msandaykh@bravesites.com,Bigender,34904.71
739,Bil,Strotton,bstrottonki@rambler.ru,Non-binary,45864.58
740,Teressa,Jorczyk,tjorczykkj@dropbox.com,Genderqueer,29008.56
741,Danyelle,Sibylla,dsibyllakk@pbs.org,Polygender,5582.87
742,Daisey,Elks,delkskl@kickstarter.com,Genderqueer,19689.84
743,Pavla,St Leger,pstlegerkm@cisco.com,Agender,35901.93
744,Mandie,Gebbie,mgebbiekn@adobe.com,Genderfluid,25179.62
745,Kort,Hellewell,khellewellko@eepurl.com,Agender,50175.44
746,Kinnie,Panton,kpantonkp@prweb.com,Female,6637.49
747,Rachele,Leffek,rleffekkq@geocities.com,Bigender,15172.55
748,Berny,Lavarack,blavarackkr@typepad.com,Genderqueer,1129.34
749,Immanuel,MacWilliam,imacwilliamks@google.com.hk,Genderfluid,3123.13
750,Sapphire,Ewbanck,sewbanckkt@acquirethisname.com,Genderfluid,52499.92
751,Constantin,Rochford,crochfordku@gmpg.org,Genderfluid,31194.34
752,Lance,Avrahamof,lavrahamofkv@vimeo.com,Male,16489.74
753,Cynde,Spira,cspirakw@devhub.com,Non-binary,39966.86
754,Dickie,Gopsill,dgopsillkx@printfriendly.com,Non-binary,1011.32
755,Calhoun,Le Barr,clebarrky@seattletimes.com,Polygender,52629.0
756,Erhard,Sprade,espradekz@4shared.com,Female,57562.9
757,Shem,Tuxill,stuxilll0@miibeian.gov.cn,Male,17864.17
758,Norby,Etches,netchesl1@admin.ch,Genderfluid,7177.08
759,Cally,Everex,ceverexl2@pagesperso-orange.fr,Bigender,36106.12
760,Sibylle,Haugh,shaughl3@sphinn.com,Bigender,50612.35
761,Cindi,Goundry,cgoundryl4@cnbc.com,Agender,19374.48
762,Calli,Margerrison,cmargerrisonl5@amazon.com,Polygender,36883.18
763,Federica,O' Mara,fomaral6@java.com,Polygender,16855.55
764,Persis,Spilling,pspillingl7@bloomberg.com,Genderfluid,39940.63
765,Thayne,Asker,taskerl8@virginia.edu,Genderfluid,43133.66
766,Bobby,Evreux,bevreuxl9@diigo.com,Polygender,27003.87
767,Farrah,Dodsley,fdodsleyla@tmall.com,Female,23009.17
768,Ray,McGillivray,rmcgillivraylb@free.fr,Female,6976.46
769,Rahal,Lorkin,rlorkinlc@netscape.com,Female,44293.34
770,Eudora,Bettles,ebettlesld@geocities.com,Polygender,21622.6
771,Lenna,Halliday,lhallidayle@whitehouse.gov,Agender,2478.72
772,Krystyna,Rooke,krookelf@amazon.co.uk,Agender,53398.48
773,Aymer,Hercock,ahercocklg@dagondesign.com,Genderfluid,10463.25
774,Minette,Halsey,mhalseylh@exblog.jp,Genderqueer,35108.94
775,Britteny,Millyard,bmillyardli@sphinn.com,Male,44656.81
776,Corrianne,O'Duilleain,coduilleainlj@unesco.org,Agender,42397.33
777,Ronda,Jonin,rjoninlk@symantec.com,Bigender,19074.93
778,Shaine,Heinke,sheinkell@ebay.com,Genderqueer,32641.41
779,Manda,Landsman,mlandsmanlm@google.ca,Genderfluid,36605.7
780,Gussi,Sendall,gsendallln@pbs.org,Genderfluid,34497.86
781,Irving,Konzel,ikonzello@loc.gov,Bigender,2150.77
782,Kimball,Vowell,kvowelllp@businesswire.com,Polygender,36634.95
783,Jae,McClancy,jmcclancylq@ibm.com,Genderfluid,57748.91
784,Terese,Willbond,twillbondlr@a8.net,Genderfluid,56835.64
785,Valene,Lantuffe,vlantuffels@eepurl.com,Genderfluid,20602.66
786,Broderick,Baford,bbafordlt@aboutads.info,Genderqueer,52859.18
787,Bjorn,Lehmann,blehmannlu@dagondesign.com,Polygender,23937.78
788,Tessi,Maccraw,tmaccrawlv@chron.com,Agender,56494.07
789,Davita,de Clerq,ddeclerqlw@economist.com,Non-binary,13903.19
790,Bessie,Baselli,bbasellilx@xinhuanet.com,Male,42120.62
791,Ola,Strange,ostrangely@angelfire.com,Agender,5936.39
792,Keslie,Guye,kguyelz@boston.com,Male,11101.35
793,Mollee,Fones,mfonesm0@noaa.gov,Genderfluid,12939.26
794,Bertha,Ringe,bringem1@washington.edu,Bigender,8693.68
795,Giffer,Solleme,gsollemem2@blog.com,Genderfluid,22409.35
796,Ronny,De La Haye,rdelahayem3@fotki.com,Bigender,16303.37
797,Shae,Gandley,sgandleym4@alibaba.com,Non-binary,42255.11
798,Hubert,Cronk,hcronkm5@ft.com,Non-binary,45911.18
799,Zea,Bartolomivis,zbartolomivism6@goodreads.com,Bigender,28827.65
800,Eustace,Chaim,echaimm7@ovh.net,Male,3061.16
801,Andreana,Palfreyman,apalfreymanm8@cdbaby.com,Genderqueer,51904.85
802,Hilario,Ruggiero,hruggierom9@linkedin.com,Non-binary,55704.93
803,Giuditta,Pawlett,gpawlettma@yandex.ru,Male,12770.74
804,Deloris,Obert,dobertmb@flickr.com,Female,46471.21
805,Dael,Mainland,dmainlandmc@com.com,Female,55358.94
806,Erny,Zaniolo,ezaniolomd@miibeian.gov.cn,Non-binary,33416.19
807,Wren,Masser,wmasserme@deliciousdays.com,Bigender,27269.32
808,Kurt,Hugin,khuginmf@epa.gov,Non-binary,24706.07
809,Torrance,Clohisey,tclohiseymg@mapy.cz,Bigender,7882.8
810,Shawna,Swinfen,sswinfenmh@deviantart.com,Genderqueer,3581.35
811,Tod,Stedall,tstedallmi@statcounter.com,Bigender,30660.33
812,Bruce,D'Elias,bdeliasmj@example.com,Agender,43329.81
813,Parry,Speeding,pspeedingmk@privacy.gov.au,Polygender,31598.39
814,Dierdre,Kemmis,dkemmisml@163.com,Agender,5429.72
815,Cesya,Olivet,colivetmm@stanford.edu,Genderqueer,8234.93
816,Danyelle,Andraud,dandraudmn@theguardian.com,Genderqueer,45230.31
817,Tab,Erdis,terdismo@studiopress.com,Bigender,55670.62
818,Felicdad,Bowker,fbowkermp@wordpress.org,Genderfluid,52197.42
819,Iris,Wyldes,iwyldesmq@joomla.org,Non-binary,6643.25
820,Brew,Seccombe,bseccombemr@taobao.com,Male,4272.88
821,Ferdinande,Lanney,flanneyms@go.com,Non-binary,54691.28
822,Terrye,Andrei,tandreimt@slashdot.org,Genderfluid,31381.8
823,Babette,Camoys,bcamoysmu@slashdot.org,Genderfluid,9590.78
824,Huey,Penn,hpennmv@deviantart.com,Polygender,24433.05
825,Maurise,Salleir,msalleirmw@bing.com,Genderfluid,33631.15
826,Lanie,Ellens,lellensmx@icq.com,Female,8500.69
827,Tudor,McCormick,tmccormickmy@youku.com,Non-binary,59206.87
828,Rhianon,Bach,rbachmz@purevolume.com,Non-binary,10744.45
829,Melva,Noades,mnoadesn0@alexa.com,Genderqueer,58853.42
830,Phillipe,Gyde,pgyden1@twitpic.com,Genderfluid,12298.71
831,Gaynor,Caren,gcarenn2@businesswire.com,Non-binary,23512.87
832,Nananne,Forward,nforwardn3@photobucket.com,Genderqueer,48143.77
833,Andras,Bogace,abogacen4@army.mil,Polygender,23225.17
834,Hetti,Smalecombe,hsmalecomben5@cisco.com,Male,40341.94
835,Ferdie,Harradence,fharradencen6@uol.com.br,Male,10709.12
836,Karlyn,Matuszewski,kmatuszewskin7@nymag.com,Genderfluid,28391.4
837,Tabbie,Hinrich,thinrichn8@privacy.gov.au,Bigender,5682.22
838,Bendix,Nares,bnaresn9@marriott.com,Male,49981.75
839,Margette,MacLardie,mmaclardiena@angelfire.com,Non-binary,59375.37
840,Perri,Yeowell,pyeowellnb@msu.edu,Agender,5941.37
841,Nat,Englefield,nenglefieldnc@51.la,Female,39926.92
842,Marianne,Casebourne,mcasebournend@pbs.org,Agender,19568.67
843,Thekla,MacCook,tmaccookne@unc.edu,Genderfluid,47686.63
844,Jeremie,Churching,jchurchingnf@foxnews.com,Male,29875.83
845,Lynnea,Dargavel,ldargavelng@histats.com,Genderqueer,26292.19
846,Trudy,Kaufman,tkaufmannh@1688.com,Genderfluid,21011.6
847,Barbey,Breche,bbrecheni@nsw.gov.au,Agender,2603.13
848,Darrelle,Blackborne,dblackbornenj@hhs.gov,Polygender,4191.0
849,Cherrita,Butterworth,cbutterworthnk@engadget.com,Male,49290.97
850,Shea,Janda,sjandanl@cisco.com,Genderqueer,28204.89
851,Aristotle,Lucian,aluciannm@ucoz.com,Non-binary,34630.02
852,Jackson,Shwenn,jshwennnn@shareasale.com,Male,51897.17
853,Gav,Lympenie,glympenieno@prlog.org,Agender,40803.03
854,Trumann,Pitbladdo,tpitbladdonp@friendfeed.com,Female,50479.7
855,Janella,Bibey,jbibeynq@360.cn,Polygender,13010.71
856,Aharon,Insoll,ainsollnr@phoca.cz,Agender,40959.41
857,Norina,Awdry,nawdryns@digg.com,Genderfluid,59190.9
858,Olivero,Luxford,oluxfordnt@flickr.com,Male,35142.3
859,Arlie,Cammell,acammellnu@addthis.com,Genderfluid,46617.0
860,Tara,Vitall,tvitallnv@cpanel.net,Non-binary,57319.71
861,Jenn,Larrie,jlarrienw@vimeo.com,Agender,52760.89
862,Herta,Roose,hroosenx@patch.com,Bigender,40786.24
863,Riane,Kinner,rkinnerny@flavors.me,Male,41673.73
864,Damon,Defrain,ddefrainnz@kickstarter.com,Agender,2992.06
865,Gianni,Itscowicz,gitscowiczo0@bloomberg.com,Bigender,25911.09
866,Der,Rhyme,drhymeo1@blinklist.com,Bigender,28529.74
867,Rebbecca,O'Bradain,robradaino2@skype.com,Male,29892.39
868,Kristal,Antonioni,kantonionio3@irs.gov,Male,6346.73
869,Fawne,Marrison,fmarrisono4@canalblog.com,Genderqueer,29063.69
870,Alden,Aldis,aaldiso5@furl.net,Male,31513.62
871,Dory,Eagell,deagello6@theglobeandmail.com,Non-binary,12095.06
872,Lynda,Jeckells,ljeckellso7@patch.com,Female,43114.04
873,Melodee,Flood,mfloodo8@reference.com,Bigender,56265.27
874,Tana,Eddison,teddisono9@jalbum.net,Bigender,17747.69
875,Moll,Winwood,mwinwoodoa@discovery.com,Polygender,6465.24
876,Tadd,Livoir,tlivoirob@nature.com,Female,49655.1
877,Elicia,Limeburn,elimeburnoc@xinhuanet.com,Genderfluid,57858.8
878,Tessa,Beven,tbevenod@ifeng.com,Genderqueer,29905.65
879,Netti,Sterley,nsterleyoe@is.gd,Agender,39585.55
880,Idalina,Almack,ialmackof@hp.com,Genderfluid,57091.31
881,Sim,Managh,smanaghog@canalblog.com,Female,34422.7
882,Hewitt,Buncher,hbuncheroh@wikia.com,Genderqueer,37220.44
883,Corette,Maxworthy,cmaxworthyoi@amazon.com,Polygender,59677.19
884,Lenee,Frisby,lfrisbyoj@ovh.net,Genderqueer,33071.9
885,Chelsie,Tubridy,ctubridyok@zimbio.com,Non-binary,45091.17
886,Xenos,Griffen,xgriffenol@dailymail.co.uk,Genderqueer,25727.65
887,Ag,Stonebridge,astonebridgeom@samsung.com,Polygender,35323.05
888,Rebekah,Threlfall,rthrelfallon@archive.org,Bigender,25673.49
889,Esme,Jocic,ejocicoo@unc.edu,Polygender,49202.39
890,Cissy,Cale,ccaleop@army.mil,Agender,41766.99
891,Nicolea,Plows,nplowsoq@army.mil,Genderfluid,2405.64
892,Merlina,Audibert,maudibertor@twitter.com,Bigender,34132.91
893,Janella,Lyston,jlystonos@phpbb.com,Genderqueer,25964.82
894,Prescott,Ellif,pellifot@walmart.com,Genderqueer,56131.79
895,Ellsworth,Trunby,etrunbyou@weibo.com,Genderfluid,22512.49
896,Stanton,Dodworth,sdodworthov@amazon.com,Agender,37326.94
897,Philippe,Dyke,pdykeow@google.com,Female,35026.73
898,Carmelita,Harsum,charsumox@chicagotribune.com,Non-binary,17786.97
899,Whitman,Searchfield,wsearchfieldoy@weather.com,Male,13175.39
900,Neille,Dimont,ndimontoz@arstechnica.com,Agender,45516.18
901,Dorey,McIlherran,dmcilherranp0@senate.gov,Non-binary,29321.09
902,Cora,Blonden,cblondenp1@smugmug.com,Female,58703.78
903,Dean,Stratz,dstratzp2@1688.com,Bigender,49272.96
904,Tanny,Creak,tcreakp3@lulu.com,Bigender,5498.48
905,Joly,Kurten,jkurtenp4@comcast.net,Bigender,19921.74
906,Isadora,Runchman,irunchmanp5@acquirethisname.com,Non-binary,3265.94
907,Wheeler,Camilli,wcamillip6@gmpg.org,Female,3202.45
908,Leland,Stefi,lstefip7@nsw.gov.au,Genderqueer,57459.44
909,Ola,Fishbourne,ofishbournep8@yellowbook.com,Agender,41449.92
910,Pierce,Mum,pmump9@usda.gov,Male,8587.02
911,Lia,Sheridan,lsheridanpa@dyndns.org,Polygender,59397.54
912,Nelson,Mansbridge,nmansbridgepb@comsenz.com,Genderqueer,38644.84
913,Carroll,Durham,cdurhampc@theguardian.com,Genderqueer,35995.81
914,Sandor,Stuchburie,sstuchburiepd@gnu.org,Female,35734.6
915,Stacy,Yockney,syockneype@java.com,Bigender,26708.24
916,Melisse,MacAirt,mmacairtpf@theguardian.com,Genderfluid,24748.23
917,Morie,Delnevo,mdelnevopg@noaa.gov,Female,49958.72
918,Ignazio,Hindsberg,ihindsbergph@psu.edu,Non-binary,22277.63
919,Bamby,Marti,bmartipi@pagesperso-orange.fr,Polygender,36508.3
920,Rivalee,Rebillard,rrebillardpj@prlog.org,Genderqueer,53024.79
921,Meryl,Allans,mallanspk@economist.com,Agender,16002.44
922,Clarke,Dallander,cdallanderpl@nyu.edu,Agender,38997.52
923,Euell,Wearing,ewearingpm@netvibes.com,Agender,23151.56
924,Ludwig,Wille,lwillepn@nbcnews.com,Non-binary,55379.8
925,Emilio,Hedde,eheddepo@sohu.com,Non-binary,47122.41
926,Georgena,Strauss,gstrausspp@people.com.cn,Polygender,13418.12
927,Barrett,Fairlie,bfairliepq@hubpages.com,Non-binary,6757.7
928,Natasha,Ruegg,nrueggpr@pbs.org,Female,14719.18
929,Jermaine,Cason,jcasonps@arstechnica.com,Genderqueer,8185.03
930,Sioux,Dugan,sduganpt@purevolume.com,Polygender,19374.57
931,Terri,Ticehurst,tticehurstpu@tuttocitta.it,Female,56835.96
932,Charil,Madre,cmadrepv@cdc.gov,Genderqueer,24485.41
933,Symon,Frere,sfrerepw@buzzfeed.com,Genderfluid,5961.18
934,Talbert,Askaw,taskawpx@nhs.uk,Genderqueer,18622.38
935,Joannes,Le Marquand,jlemarquandpy@utexas.edu,Male,8999.39
936,Gard,Pickering,gpickeringpz@istockphoto.com,Polygender,49525.49
937,Sada,Whitnall,swhitnallq0@craigslist.org,Male,52317.68
938,Mella,Carlile,mcarlileq1@addthis.com,Genderfluid,32543.9
939,Townie,Koenen,tkoenenq2@biglobe.ne.jp,Male,48218.1
940,Georgiana,Breagan,gbreaganq3@ucoz.ru,Non-binary,32740.15
941,Rafaello,Tenman,rtenmanq4@cornell.edu,Agender,54805.28
942,Tully,Rack,trackq5@home.pl,Polygender,25523.88
943,Corly,Gleave,cgleaveq6@wikia.com,Female,42197.81
944,Juliana,Chesley,jchesleyq7@trellian.com,Bigender,46856.94
945,Rudiger,Nanninini,rnannininiq8@qq.com,Genderfluid,4565.84
946,Frederich,Howley,fhowleyq9@wsj.com,Polygender,28820.41
947,Darnell,Bartomeu,dbartomeuqa@paypal.com,Genderqueer,28183.86
948,Willie,Bing,wbingqb@google.co.uk,Male,37333.53
949,Rosana,Mattsson,rmattssonqc@instagram.com,Genderfluid,31527.81
950,Celina,Gealy,cgealyqd@ucoz.com,Agender,20907.11
951,Sasha,Chesson,schessonqe@earthlink.net,Polygender,3823.84
952,Kirby,Kearney,kkearneyqf@spotify.com,Polygender,35418.31
953,Patty,Lloyds,plloydsqg@homestead.com,Female,19957.83
954,Natassia,Counihan,ncounihanqh@howstuffworks.com,Genderfluid,10174.25
955,Val,Attrey,vattreyqi@jiathis.com,Non-binary,42391.11
956,Morgun,Polglaze,mpolglazeqj@shinystat.com,Female,27314.47
957,Arnuad,Cashford,acashfordqk@umich.edu,Polygender,19099.65
958,Sullivan,Dolden,sdoldenql@tripadvisor.com,Male,31742.58
959,Sybille,Sketh,sskethqm@privacy.gov.au,Female,45522.91
960,Dun,De Angelo,ddeangeloqn@sohu.com,Non-binary,34298.1
961,Thomasina,Russon,trussonqo@shinystat.com,Genderqueer,33325.79
962,Tally,McKomb,tmckombqp@friendfeed.com,Genderqueer,10008.55
963,Flori,Pretley,fpretleyqq@engadget.com,Non-binary,33038.92
964,Grant,Twigge,gtwiggeqr@drupal.org,Non-binary,35893.02
965,Felicdad,Trythall,ftrythallqs@springer.com,Genderfluid,7916.39
966,Cristionna,Asaaf,casaafqt@sphinn.com,Female,19045.02
967,Claiborne,Pearmain,cpearmainqu@edublogs.org,Agender,9617.56
968,Hans,Guerola,hguerolaqv@china.com.cn,Genderqueer,8795.93
969,Ellene,Somner,esomnerqw@apple.com,Genderqueer,38981.29
970,Deborah,Wollacott,dwollacottqx@pcworld.com,Female,9262.2
971,Padget,Blunt,pbluntqy@liveinternet.ru,Female,37809.23
972,Ollie,Guage,oguageqz@technorati.com,Non-binary,3392.22
973,Teresina,Blanning,tblanningr0@globo.com,Agender,19168.42
974,Uriah,Wofenden,uwofendenr1@usda.gov,Genderqueer,37140.45
975,Louisette,Bettles,lbettlesr2@hatena.ne.jp,Agender,36633.15
976,Jereme,Le Fevre,jlefevrer3@nsw.gov.au,Female,41489.19
977,Coop,Hagstone,chagstoner4@indiatimes.com,Bigender,12578.8
978,Ambur,Heardman,aheardmanr5@vistaprint.com,Female,7562.72
979,Cher,Ortzen,cortzenr6@twitter.com,Genderqueer,50002.19
980,Orion,Caddan,ocaddanr7@istockphoto.com,Polygender,27377.97
981,Lynn,Lottrington,llottringtonr8@symantec.com,Genderqueer,6189.19
982,Martainn,Kruger,mkrugerr9@storify.com,Female,28212.67
983,Audrie,Crimp,acrimpra@mtv.com,Genderqueer,46877.31
984,Ariel,Chadband,achadbandrb@discovery.com,Genderfluid,13559.42
985,Devondra,Edel,dedelrc@examiner.com,Male,42849.33
986,Tamar,Cissell,tcissellrd@icio.us,Agender,55251.18
987,Rene,Rapson,rrapsonre@t.co,Male,45980.69
988,Bettina,Keslake,bkeslakerf@opensource.org,Genderqueer,40239.4
989,Boigie,Belhomme,bbelhommerg@reference.com,Polygender,21135.0
990,Osbert,Beckford,obeckfordrh@bloglovin.com,Genderfluid,2590.65
991,Winfield,Baiden,wbaidenri@istockphoto.com,Genderqueer,12652.34
992,Roberto,Kubas,rkubasrj@vimeo.com,Male,49664.71
993,Kathlin,Tight,ktightrk@creativecommons.org,Genderfluid,17086.06
994,Dorolice,Kestin,dkestinrl@hp.com,Male,40627.2
995,Clemmie,Frank,cfrankrm@shop-pro.jp,Genderfluid,28006.07
996,Rivkah,Doust,rdoustrn@hubpages.com,Genderfluid,48252.49
997,Garrik,Haig,ghaigro@usgs.gov,Polygender,5604.73
998,Yasmeen,Sanja,ysanjarp@reddit.com,Genderqueer,34935.15
999,Desiree,Astles,dastlesrq@cdbaby.com,Agender,27778.98
1000,Kaiser,Ryburn,kryburnrr@surveymonkey.com,Agender,24187.85
